{"cameraMode":{"drawMode":0,"name":"Shaded","section":"Shading Mode"},"sceneLighting":true,"audioPlay":false,"sceneViewState":{"m_AlwaysRefresh":false,"showFog":true,"showSkybox":true,"showFlares":true,"showImageEffects":true,"showParticleSystems":true,"showVisualEffectGraphs":true,"m_FxEnabled":true},"in2DMode":false,"pivot":{"x":-11.845748901367188,"y":27.796894073486329,"z":-17.484725952148439},"rotation":{"x":-0.018436864018440248,"y":0.8654894232749939,"z":-0.4995761811733246,"w":-0.0319402702152729},"size":55.423675537109378,"orthographic":true}