{"cameraMode":{"drawMode":0,"name":"Shaded","section":"Shading Mode"},"sceneLighting":true,"audioPlay":false,"sceneViewState":{"m_AlwaysRefresh":false,"showFog":true,"showSkybox":true,"showFlares":true,"showImageEffects":true,"showParticleSystems":true,"showVisualEffectGraphs":true,"m_FxEnabled":true},"in2DMode":false,"pivot":{"x":5.3519110679626469,"y":-2.4839072227478029,"z":-1.198410987854004},"rotation":{"x":0.008263377472758294,"y":0.9681759476661682,"z":-0.24805082380771638,"w":0.03225307911634445},"size":8.097742080688477,"orthographic":false}